Date,New York State Average ($/gal),Albany Average ($/gal),Batavia Average ($/gal),Binghamton Average ($/gal),Buffalo Average ($/gal),Dutchess Average ($/gal),Elmira Average ($/gal),Glens Falls Average ($/gal),Ithaca Average ($/gal),Kingston Average ($/gal),Nassau Average ($/gal),New York City Average ($/gal),Rochester Average ($/gal),Syracuse Average ($/gal),Utica Average ($/gal),Watertown Average ($/gal),White Plains Average ($/gal)
7/29/2019,2.88,2.74,2.83,2.79,2.83,2.93,2.77,2.8,2.81,2.78,2.89,3,2.83,2.78,2.84,2.81,3.02
7/22/2019,2.89,2.76,2.84,2.84,2.85,2.95,2.8,2.81,2.84,2.8,2.9,3.01,2.84,2.8,2.85,2.82,3.03
7/15/2019,2.88,2.75,2.84,2.82,2.85,2.94,2.77,2.79,2.82,2.79,2.89,2.99,2.84,2.79,2.84,2.81,3.02
7/8/2019,2.88,2.75,2.84,2.8,2.86,2.93,2.78,2.78,2.81,2.8,2.88,2.97,2.85,2.78,2.83,2.81,3.01
7/1/2019,2.86,2.73,2.79,2.76,2.85,2.92,2.76,2.76,2.76,2.78,2.86,2.95,2.82,2.77,2.83,2.79,3
6/24/2019,2.85,2.72,2.78,2.74,2.85,2.93,2.73,2.75,2.75,2.78,2.86,2.95,2.81,2.76,2.83,2.79,3
6/17/2019,2.88,2.74,2.82,2.78,2.86,2.94,2.75,2.78,2.81,2.8,2.9,2.98,2.82,2.78,2.84,2.84,3.02
6/10/2019,2.91,2.77,2.84,2.82,2.88,2.97,2.79,2.8,2.85,2.82,2.94,3.02,2.85,2.82,2.86,2.91,3.05
6/3/2019,2.94,2.79,2.85,2.86,2.89,2.99,2.83,2.82,2.86,2.85,2.97,3.05,2.87,2.85,2.88,2.95,3.07
5/27/2019,2.95,2.81,2.85,2.87,2.89,3.01,2.84,2.83,2.87,2.87,2.99,3.07,2.89,2.86,2.89,2.96,3.09
5/20/2019,2.96,2.82,2.84,2.88,2.89,3.02,2.84,2.83,2.88,2.88,3.01,3.07,2.89,2.87,2.9,2.96,3.09
5/13/2019,2.97,2.83,2.84,2.9,2.89,3.02,2.85,2.84,2.89,2.9,3.02,3.09,2.9,2.88,2.9,2.96,3.1
5/6/2019,2.97,2.84,2.84,2.91,2.88,3.03,2.87,2.85,2.9,2.91,3.02,3.1,2.9,2.89,2.91,2.96,3.1
4/29/2019,2.94,2.82,2.83,2.89,2.85,3,2.87,2.83,2.89,2.88,2.98,3.07,2.87,2.87,2.89,2.93,3.06
4/22/2019,2.87,2.74,2.78,2.84,2.8,2.89,2.78,2.74,2.83,2.8,2.89,2.99,2.81,2.8,2.82,2.86,2.97
4/15/2019,2.8,2.67,2.75,2.77,2.73,2.81,2.72,2.69,2.77,2.73,2.81,2.91,2.77,2.76,2.78,2.81,2.9
4/8/2019,2.75,2.64,2.69,2.73,2.67,2.76,2.68,2.66,2.72,2.69,2.76,2.85,2.73,2.71,2.73,2.76,2.85
4/1/2019,2.72,2.64,2.65,2.72,2.63,2.75,2.68,2.66,2.71,2.68,2.73,2.82,2.69,2.67,2.7,2.73,2.83
3/25/2019,2.69,2.59,2.63,2.72,2.6,2.71,2.69,2.61,2.7,2.63,2.69,2.77,2.68,2.67,2.68,2.7,2.79
3/18/2019,2.63,2.52,2.55,2.65,2.56,2.66,2.63,2.54,2.64,2.59,2.64,2.7,2.61,2.61,2.62,2.63,2.75
3/11/2019,2.57,2.47,2.49,2.59,2.51,2.61,2.57,2.49,2.57,2.5,2.55,2.64,2.56,2.55,2.57,2.57,2.71
3/4/2019,2.53,2.44,2.47,2.48,2.51,2.59,2.46,2.47,2.47,2.43,2.5,2.62,2.48,2.47,2.5,2.5,2.7
2/25/2019,2.51,2.42,2.46,2.45,2.5,2.58,2.42,2.46,2.44,2.41,2.48,2.6,2.47,2.45,2.48,2.49,2.68
2/18/2019,2.47,2.38,2.45,2.36,2.51,2.59,2.33,2.4,2.36,2.38,2.41,2.54,2.42,2.37,2.44,2.44,2.67
2/11/2019,2.48,2.39,2.49,2.38,2.52,2.61,2.33,2.42,2.36,2.39,2.41,2.55,2.43,2.37,2.45,2.46,2.69
2/4/2019,2.5,2.41,2.54,2.39,2.54,2.62,2.33,2.43,2.37,2.41,2.43,2.56,2.45,2.39,2.47,2.48,2.71
1/28/2019,2.52,2.42,2.56,2.4,2.56,2.65,2.33,2.45,2.39,2.44,2.45,2.59,2.47,2.4,2.49,2.49,2.73
1/21/2019,2.54,2.43,2.56,2.42,2.58,2.67,2.33,2.47,2.4,2.45,2.47,2.61,2.5,2.42,2.51,2.53,2.74
1/14/2019,2.56,2.45,2.61,2.45,2.61,2.7,2.33,2.49,2.42,2.47,2.5,2.64,2.53,2.44,2.54,2.58,2.75
1/7/2019,2.6,2.48,2.68,2.5,2.66,2.72,2.35,2.53,2.44,2.5,2.54,2.67,2.58,2.48,2.58,2.67,2.79
12/31/2018,2.64,2.51,2.71,2.55,2.7,2.76,2.42,2.58,2.48,2.54,2.58,2.7,2.61,2.52,2.62,2.73,2.83
12/24/2018,2.69,2.56,2.71,2.61,2.75,2.81,2.57,2.63,2.54,2.58,2.63,2.75,2.66,2.57,2.67,2.81,2.87
12/17/2018,2.72,2.59,2.77,2.65,2.8,2.83,2.63,2.66,2.58,2.6,2.67,2.78,2.69,2.6,2.71,2.86,2.89
12/10/2018,2.76,2.62,2.81,2.69,2.86,2.86,2.66,2.7,2.63,2.63,2.7,2.81,2.74,2.64,2.75,2.87,2.92
12/3/2018,2.8,2.67,2.87,2.75,2.9,2.89,2.7,2.73,2.68,2.69,2.75,2.86,2.78,2.68,2.78,2.89,2.96
11/26/2018,2.85,2.72,2.89,2.8,2.93,2.92,2.75,2.77,2.72,2.75,2.79,2.91,2.82,2.72,2.82,2.93,3
11/19/2018,2.88,2.75,2.91,2.84,2.95,2.95,2.79,2.8,2.76,2.8,2.83,2.94,2.85,2.77,2.85,2.95,3.03
11/12/2018,2.92,2.8,2.92,2.89,2.97,2.98,2.88,2.83,2.82,2.84,2.88,2.98,2.89,2.82,2.89,2.98,3.07
11/5/2018,2.95,2.83,2.93,2.91,2.98,3,2.91,2.85,2.86,2.88,2.93,3.03,2.91,2.85,2.91,2.99,3.09
10/29/2018,2.97,2.85,2.94,2.93,2.99,3.01,2.92,2.87,2.89,2.9,2.96,3.06,2.93,2.89,2.92,3.01,3.12
10/22/2018,2.99,2.87,2.95,2.94,2.99,3.02,2.93,2.89,2.94,2.92,2.98,3.09,2.95,2.91,2.94,3.02,3.13
10/15/2018,3.01,2.89,2.94,2.96,3,3.03,2.95,2.91,2.96,2.93,2.99,3.1,2.97,2.94,2.97,3.03,3.14
10/8/2018,3,2.9,2.95,2.95,2.99,3.04,2.95,2.91,2.94,2.93,2.99,3.1,2.97,2.94,2.97,3.02,3.14
10/1/2018,2.99,2.86,2.94,2.91,2.99,3.02,2.94,2.86,2.9,2.9,2.97,3.09,2.93,2.91,2.94,3.02,3.13
9/24/2018,2.99,2.87,2.95,2.92,2.99,3.03,2.94,2.87,2.92,2.89,2.98,3.1,2.94,2.92,2.93,3.02,3.14
9/17/2018,3,2.88,2.96,2.93,2.99,3.04,2.95,2.89,2.93,2.89,2.99,3.1,2.96,2.93,2.94,3.03,3.14
9/10/2018,3,2.89,2.96,2.93,2.99,3.04,2.95,2.9,2.93,2.89,2.98,3.09,2.95,2.93,2.95,3.03,3.14
9/3/2018,2.99,2.87,2.96,2.92,2.99,3.04,2.94,2.88,2.93,2.89,2.98,3.09,2.92,2.89,2.94,3.02,3.14
8/27/2018,2.99,2.87,2.96,2.92,2.99,3.04,2.95,2.89,2.94,2.89,2.99,3.1,2.93,2.9,2.95,3.03,3.14
8/20/2018,3,2.88,2.96,2.94,2.99,3.05,2.95,2.9,2.94,2.89,3,3.11,2.94,2.92,2.97,3.04,3.15
8/13/2018,3.01,2.89,2.97,2.95,3,3.05,2.96,2.91,2.95,2.9,3.01,3.1,2.96,2.93,2.97,3.06,3.15
8/6/2018,3.01,2.9,2.97,2.96,3,3.06,2.95,2.93,2.95,2.9,3.01,3.1,2.97,2.93,2.97,3.06,3.16
7/30/2018,3,2.88,2.97,2.92,3,3.05,2.91,2.91,2.9,2.89,3,3.1,2.95,2.9,2.96,3.05,3.16
7/23/2018,3.01,2.89,2.97,2.93,3,3.06,2.91,2.92,2.91,2.9,3.01,3.1,2.95,2.91,2.97,3.06,3.16
7/16/2018,3.02,2.91,2.97,2.95,3,3.07,2.92,2.93,2.92,2.91,3.03,3.11,2.97,2.92,2.98,3.06,3.17
7/9/2018,3.02,2.92,2.97,2.97,3,3.07,2.93,2.95,2.91,2.9,3.03,3.12,2.98,2.92,2.98,3.05,3.17
7/2/2018,3.02,2.92,2.97,2.94,3,3.07,2.9,2.96,2.89,2.89,3.02,3.11,2.96,2.9,2.98,3.06,3.17
6/25/2018,3.03,2.94,2.99,2.96,3.01,3.09,2.93,2.97,2.92,2.92,3.04,3.13,2.98,2.93,3.01,3.07,3.18
6/18/2018,3.06,2.97,2.99,2.98,3.01,3.1,2.96,3,2.96,2.96,3.07,3.16,3,2.98,3.04,3.09,3.2
6/11/2018,3.08,2.99,3,3,3.02,3.12,2.96,3.03,2.99,2.98,3.1,3.19,3.02,3.01,3.07,3.11,3.21
6/4/2018,3.09,3.01,3,3.01,3.01,3.13,2.98,3.04,3.01,3,3.12,3.21,3.03,3.04,3.08,3.12,3.21
5/28/2018,3.09,3.01,3,3.02,2.99,3.12,2.98,3.04,3.01,2.99,3.12,3.2,3.03,3.05,3.09,3.11,3.2
5/21/2018,3.04,2.94,2.93,3,2.94,3.07,2.97,2.96,2.98,2.95,3.07,3.14,2.98,3.01,3.04,3.05,3.15
5/14/2018,2.98,2.87,2.88,2.94,2.89,3.01,2.91,2.88,2.92,2.91,3.01,3.08,2.91,2.95,2.97,2.98,3.09
5/7/2018,2.95,2.84,2.86,2.92,2.86,2.98,2.88,2.85,2.91,2.89,2.99,3.05,2.88,2.92,2.94,2.96,3.06
4/30/2018,2.92,2.82,2.84,2.91,2.81,2.96,2.87,2.83,2.89,2.88,2.96,3.02,2.87,2.9,2.91,2.93,3.03
4/23/2018,2.85,2.76,2.78,2.84,2.77,2.87,2.82,2.77,2.83,2.82,2.88,2.94,2.83,2.83,2.84,2.85,2.96
4/16/2018,2.79,2.7,2.71,2.77,2.73,2.81,2.75,2.72,2.75,2.76,2.81,2.88,2.73,2.74,2.76,2.79,2.89
4/9/2018,2.77,2.68,2.69,2.74,2.71,2.78,2.7,2.68,2.73,2.73,2.79,2.86,2.71,2.71,2.74,2.78,2.87
4/2/2018,2.76,2.65,2.68,2.74,2.71,2.77,2.7,2.65,2.72,2.72,2.78,2.85,2.71,2.71,2.73,2.77,2.86
3/26/2018,2.71,2.61,2.65,2.7,2.68,2.73,2.65,2.61,2.67,2.63,2.71,2.79,2.67,2.66,2.7,2.71,2.83
3/19/2018,2.69,2.6,2.65,2.68,2.66,2.72,2.64,2.6,2.65,2.6,2.68,2.76,2.63,2.61,2.7,2.71,2.82
3/12/2018,2.7,2.61,2.66,2.69,2.67,2.72,2.65,2.62,2.66,2.61,2.69,2.77,2.65,2.62,2.71,2.72,2.82
3/5/2018,2.71,2.62,2.67,2.7,2.67,2.73,2.66,2.65,2.67,2.64,2.71,2.79,2.67,2.64,2.72,2.74,2.83
2/26/2018,2.73,2.64,2.67,2.7,2.68,2.74,2.67,2.67,2.69,2.66,2.73,2.8,2.68,2.66,2.73,2.76,2.84
2/19/2018,2.75,2.66,2.67,2.72,2.68,2.76,2.7,2.69,2.72,2.69,2.76,2.82,2.69,2.69,2.75,2.78,2.85
2/12/2018,2.77,2.68,2.69,2.75,2.69,2.77,2.73,2.71,2.73,2.71,2.78,2.85,2.71,2.72,2.76,2.79,2.86
2/5/2018,2.76,2.68,2.67,2.74,2.68,2.77,2.74,2.72,2.74,2.72,2.79,2.85,2.7,2.72,2.76,2.78,2.86
1/29/2018,2.73,2.64,2.64,2.71,2.66,2.74,2.69,2.68,2.69,2.68,2.75,2.81,2.67,2.68,2.72,2.74,2.84
1/22/2018,2.69,2.6,2.61,2.65,2.64,2.7,2.63,2.64,2.65,2.62,2.69,2.78,2.63,2.62,2.66,2.69,2.81
1/15/2018,2.67,2.59,2.61,2.63,2.63,2.69,2.61,2.64,2.64,2.6,2.66,2.75,2.62,2.61,2.65,2.68,2.79
1/8/2018,2.66,2.58,2.6,2.62,2.62,2.68,2.56,2.64,2.61,2.58,2.63,2.74,2.59,2.59,2.64,2.67,2.79
1/1/2018,2.63,2.53,2.59,2.59,2.62,2.68,2.5,2.59,2.58,2.54,2.6,2.72,2.55,2.53,2.6,2.63,2.77
12/25/2017,2.62,2.52,2.6,2.58,2.63,2.68,2.51,2.57,2.58,2.53,2.6,2.72,2.54,2.52,2.58,2.63,2.77
12/18/2017,2.64,2.54,2.61,2.6,2.64,2.69,2.54,2.59,2.6,2.55,2.61,2.73,2.55,2.53,2.6,2.64,2.79
12/11/2017,2.66,2.57,2.62,2.62,2.65,2.71,2.58,2.61,2.62,2.58,2.63,2.75,2.58,2.56,2.62,2.66,2.8
12/4/2017,2.68,2.6,2.63,2.63,2.65,2.72,2.6,2.64,2.63,2.59,2.66,2.77,2.6,2.58,2.63,2.67,2.81
11/27/2017,2.68,2.61,2.63,2.64,2.65,2.72,2.6,2.65,2.63,2.6,2.67,2.78,2.61,2.59,2.64,2.68,2.82
11/20/2017,2.7,2.63,2.64,2.65,2.66,2.74,2.62,2.69,2.65,2.62,2.68,2.79,2.64,2.6,2.65,2.71,2.83
11/13/2017,2.69,2.63,2.63,2.64,2.65,2.74,2.62,2.69,2.63,2.61,2.67,2.8,2.64,2.6,2.64,2.71,2.82
11/6/2017,2.65,2.59,2.6,2.6,2.64,2.72,2.58,2.65,2.59,2.57,2.62,2.77,2.6,2.54,2.6,2.67,2.8
10/30/2017,2.64,2.58,2.59,2.59,2.65,2.72,2.57,2.65,2.58,2.55,2.6,2.77,2.56,2.48,2.59,2.66,2.81
10/23/2017,2.65,2.6,2.61,2.61,2.67,2.74,2.57,2.66,2.59,2.56,2.62,2.78,2.56,2.46,2.62,2.67,2.82
10/16/2017,2.68,2.62,2.68,2.64,2.69,2.76,2.62,2.66,2.62,2.59,2.66,2.81,2.61,2.5,2.66,2.69,2.84
10/9/2017,2.72,2.65,2.72,2.68,2.71,2.8,2.65,2.68,2.68,2.63,2.71,2.85,2.66,2.56,2.68,2.72,2.87
10/2/2017,2.76,2.67,2.73,2.71,2.73,2.83,2.67,2.69,2.71,2.68,2.76,2.88,2.71,2.64,2.72,2.75,2.9
9/25/2017,2.79,2.7,2.73,2.74,2.75,2.85,2.71,2.71,2.74,2.73,2.81,2.93,2.75,2.7,2.75,2.78,2.93
9/18/2017,2.82,2.72,2.74,2.76,2.76,2.88,2.74,2.73,2.77,2.77,2.85,2.96,2.76,2.75,2.77,2.79,2.96
9/11/2017,2.82,2.72,2.71,2.76,2.73,2.9,2.73,2.73,2.76,2.78,2.87,2.97,2.74,2.74,2.78,2.76,2.95
9/4/2017,2.58,2.48,2.49,2.53,2.51,2.63,2.5,2.51,2.52,2.53,2.63,2.72,2.51,2.49,2.53,2.55,2.71
8/28/2017,2.48,2.34,2.4,2.43,2.43,2.51,2.4,2.38,2.42,2.4,2.51,2.61,2.41,2.36,2.42,2.45,2.61
8/21/2017,2.48,2.35,2.41,2.43,2.42,2.52,2.4,2.38,2.42,2.41,2.52,2.61,2.42,2.38,2.42,2.45,2.62
8/14/2017,2.48,2.36,2.39,2.43,2.38,2.52,2.4,2.4,2.42,2.42,2.53,2.62,2.42,2.39,2.43,2.44,2.62
8/7/2017,2.47,2.35,2.38,2.42,2.37,2.52,2.39,2.41,2.41,2.41,2.52,2.61,2.4,2.38,2.41,2.43,2.61
7/31/2017,2.44,2.32,2.38,2.38,2.35,2.5,2.33,2.38,2.37,2.36,2.48,2.59,2.36,2.33,2.38,2.4,2.59
7/24/2017,2.42,2.3,2.37,2.36,2.34,2.49,2.28,2.34,2.36,2.33,2.45,2.58,2.35,2.3,2.37,2.39,2.59
7/17/2017,2.41,2.28,2.37,2.36,2.34,2.48,2.28,2.32,2.35,2.32,2.44,2.57,2.34,2.27,2.36,2.38,2.58
7/10/2017,2.42,2.29,2.38,2.36,2.34,2.49,2.28,2.33,2.36,2.32,2.44,2.58,2.34,2.28,2.37,2.39,2.58
7/3/2017,2.43,2.3,2.39,2.38,2.35,2.5,2.3,2.34,2.36,2.33,2.46,2.59,2.36,2.29,2.38,2.4,2.59
6/26/2017,2.45,2.32,2.41,2.39,2.37,2.52,2.32,2.35,2.38,2.35,2.47,2.6,2.38,2.31,2.4,2.41,2.6
6/19/2017,2.48,2.36,2.43,2.42,2.41,2.54,2.37,2.37,2.41,2.38,2.5,2.62,2.41,2.35,2.42,2.44,2.61
6/12/2017,2.5,2.39,2.43,2.44,2.42,2.55,2.41,2.42,2.43,2.41,2.52,2.63,2.43,2.38,2.44,2.47,2.63
6/5/2017,2.51,2.42,2.43,2.47,2.43,2.56,2.45,2.45,2.44,2.42,2.53,2.64,2.45,2.41,2.46,2.48,2.63
5/29/2017,2.51,2.43,2.43,2.47,2.43,2.56,2.41,2.45,2.44,2.41,2.53,2.64,2.44,2.4,2.45,2.47,2.63
5/22/2017,2.5,2.42,2.42,2.45,2.43,2.55,2.38,2.45,2.43,2.4,2.52,2.63,2.42,2.38,2.45,2.47,2.62
5/15/2017,2.51,2.43,2.42,2.46,2.45,2.54,2.4,2.46,2.45,2.41,2.53,2.63,2.43,2.4,2.46,2.48,2.62
5/8/2017,2.52,2.44,2.43,2.48,2.47,2.56,2.42,2.48,2.47,2.43,2.55,2.64,2.45,2.43,2.48,2.5,2.64
5/1/2017,2.54,2.46,2.43,2.5,2.49,2.56,2.46,2.5,2.48,2.45,2.56,2.65,2.47,2.46,2.5,2.51,2.64
4/24/2017,2.53,2.47,2.42,2.51,2.49,2.56,2.48,2.51,2.49,2.46,2.54,2.64,2.47,2.47,2.5,2.52,2.64
4/17/2017,2.51,2.44,2.4,2.49,2.48,2.52,2.48,2.48,2.48,2.44,2.51,2.62,2.45,2.44,2.48,2.51,2.61
4/10/2017,2.47,2.37,2.37,2.41,2.43,2.49,2.4,2.4,2.42,2.39,2.47,2.6,2.39,2.37,2.42,2.46,2.58
4/3/2017,2.43,2.31,2.33,2.37,2.4,2.46,2.34,2.34,2.38,2.35,2.42,2.58,2.34,2.3,2.37,2.41,2.56
3/27/2017,2.42,2.31,2.33,2.37,2.4,2.46,2.31,2.35,2.38,2.33,2.42,2.58,2.34,2.29,2.36,2.41,2.56
3/20/2017,2.43,2.31,2.34,2.37,2.41,2.46,2.31,2.35,2.38,2.33,2.44,2.59,2.35,2.3,2.37,2.42,2.57
3/13/2017,2.44,2.31,2.34,2.38,2.41,2.47,2.33,2.34,2.39,2.33,2.45,2.59,2.35,2.31,2.38,2.43,2.57
3/6/2017,2.45,2.32,2.36,2.39,2.42,2.49,2.35,2.34,2.4,2.35,2.47,2.61,2.36,2.33,2.39,2.45,2.58
2/27/2017,2.47,2.34,2.38,2.4,2.43,2.51,2.35,2.34,2.41,2.36,2.49,2.62,2.37,2.34,2.41,2.46,2.59
2/20/2017,2.48,2.36,2.4,2.41,2.44,2.52,2.35,2.35,2.42,2.38,2.51,2.63,2.39,2.35,2.41,2.46,2.6
2/13/2017,2.48,2.36,2.4,2.41,2.44,2.52,2.35,2.35,2.42,2.39,2.51,2.64,2.4,2.33,2.41,2.46,2.61
2/6/2017,2.5,2.38,2.42,2.43,2.46,2.53,2.37,2.36,2.44,2.41,2.52,2.65,2.42,2.36,2.42,2.47,2.62
1/30/2017,2.51,2.4,2.43,2.46,2.46,2.54,2.41,2.39,2.46,2.44,2.54,2.66,2.45,2.38,2.45,2.5,2.67
1/23/2017,2.53,2.43,2.44,2.48,2.47,2.56,2.44,2.43,2.48,2.47,2.56,2.66,2.47,2.42,2.46,2.52,2.64
1/16/2017,2.54,2.45,2.45,2.5,2.47,2.58,2.47,2.45,2.49,2.49,2.57,2.66,2.48,2.44,2.48,2.53,2.65
1/9/2017,2.54,2.46,,2.51,2.46,2.57,2.47,2.47,2.49,2.5,2.57,2.66,2.48,2.44,2.49,2.53,2.64
1/2/2017,2.49,2.41,,2.46,2.42,2.53,2.44,2.43,2.45,2.45,2.53,2.62,2.43,2.4,2.46,2.5,2.6
12/26/2016,2.45,2.36,,2.42,2.39,2.49,2.4,2.37,2.41,2.39,2.48,2.58,2.39,2.35,2.42,2.47,2.56
12/19/2016,2.43,2.33,,2.39,2.37,2.46,2.38,2.34,2.39,2.36,2.45,2.55,2.37,2.33,2.39,2.44,2.53
12/12/2016,2.41,2.32,,2.37,2.36,2.45,2.37,2.33,2.37,2.34,2.43,2.53,2.35,2.31,2.36,2.42,2.51
12/5/2016,2.37,2.27,,2.34,2.34,2.41,2.31,2.28,2.34,2.3,2.37,2.49,2.33,2.26,2.33,2.39,2.48
11/28/2016,2.36,2.26,,2.34,2.33,2.39,2.28,2.26,2.33,2.28,2.37,2.48,2.33,2.26,2.33,2.39,2.46
11/21/2016,2.38,2.28,,2.36,2.34,2.39,2.3,2.27,2.33,2.29,2.38,2.49,2.34,2.28,2.34,2.39,2.46
11/14/2016,2.39,2.31,,2.38,2.35,,,,,,2.41,2.51,2.35,2.3,2.36,,
11/7/2016,2.39,2.32,,2.39,2.34,,,,,,2.4,2.5,2.34,2.3,2.36,,
10/31/2016,2.38,2.31,,2.36,2.33,,,,,,2.39,2.48,2.33,2.29,2.35,,
10/24/2016,2.37,2.29,,2.35,2.32,,,,,,2.38,2.48,2.32,2.28,2.34,,
10/17/2016,2.36,2.28,,2.34,2.31,,,,,,2.37,2.47,2.31,2.27,2.33,,
10/10/2016,2.34,2.26,,2.32,2.29,,,,,,2.35,2.46,2.28,2.25,2.29,,
10/3/2016,2.32,2.22,,2.28,2.27,,,,,,2.34,2.45,2.26,2.2,2.26,,
9/26/2016,2.32,2.21,,2.27,2.27,,,,,,2.35,2.45,2.25,2.18,2.25,,
9/19/2016,2.32,2.2,,2.26,2.27,,,,,,2.34,2.45,2.26,2.19,2.25,,
9/12/2016,2.32,2.21,,2.27,2.28,,,,,,2.34,2.45,2.27,2.2,2.25,,
9/5/2016,2.33,2.23,,2.29,2.28,,,,,,2.35,2.46,2.28,2.22,2.26,,
8/29/2016,2.33,2.22,,2.28,2.28,,,,,,2.35,2.46,2.27,2.2,2.25,,
8/22/2016,2.3,2.16,,2.23,2.28,,,,,,2.32,2.45,2.24,2.13,2.18,,
8/15/2016,2.3,2.16,,2.24,2.29,,,,,,2.33,2.45,2.25,2.12,2.18,,
8/8/2016,2.32,2.18,,2.26,2.3,,,,,,2.34,2.47,2.27,2.12,2.21,,
8/1/2016,2.34,2.21,,2.28,2.33,,,,,,2.38,2.49,2.29,2.16,2.24,,
7/25/2016,2.37,2.23,,2.32,2.35,,,,,,2.4,2.51,2.3,2.18,2.26,,
7/18/2016,2.39,2.26,,2.35,2.37,,,,,,2.42,2.53,2.32,2.21,2.29,,
7/11/2016,2.41,2.28,,2.38,2.39,,,,,,2.45,2.55,2.35,2.24,2.32,,
7/4/2016,2.43,2.31,,2.39,2.4,,,,,,2.46,2.56,2.36,2.27,2.34,,
6/27/2016,2.44,2.32,,2.4,2.41,,,,,,2.46,2.56,2.37,2.29,2.35,,
6/20/2016,2.45,2.33,,2.41,2.41,,,,,,2.47,2.57,2.38,2.32,2.37,,
6/13/2016,2.45,2.35,,2.42,2.42,,,,,,2.47,2.57,2.39,2.34,2.38,,
6/6/2016,2.45,2.35,,2.42,2.41,,,,,,2.47,2.56,2.39,2.35,2.38,,
5/30/2016,2.44,2.34,,2.41,2.4,,,,,,2.46,2.55,2.39,2.35,2.38,,
5/23/2016,2.41,2.31,,2.38,2.38,,,,,,2.42,2.51,2.37,2.34,2.36,,
5/16/2016,2.38,2.29,,2.36,2.36,,,,,,2.39,2.48,2.35,2.32,2.34,,
5/9/2016,2.38,2.29,,2.35,2.36,,,,,,2.39,2.47,2.35,2.33,2.34,,
5/2/2016,2.34,2.25,,2.31,2.29,,,,,,2.35,2.43,2.29,2.27,2.3,,
4/25/2016,2.29,2.21,,2.26,2.24,,,,,,2.3,2.38,2.24,2.22,2.24,,
4/18/2016,2.24,2.17,,2.22,2.2,,,,,,2.26,2.33,2.19,2.18,2.19,,
4/11/2016,2.18,2.12,,2.15,2.14,,,,,,2.19,2.26,2.12,2.12,2.13,,
4/4/2016,2.15,2.11,,2.13,2.11,,,,,,2.16,2.23,2.1,2.1,2.11,,
3/28/2016,2.09,2.06,,2.08,2.04,,,,,,2.1,2.16,2.04,2.03,2.06,,
3/21/2016,2.03,2,,2.01,1.98,,,,,,2.03,2.09,1.99,1.97,2.04,,
3/14/2016,1.97,1.94,,1.96,1.92,,,,,,1.97,2.04,1.93,1.9,1.98,,
3/7/2016,1.94,1.9,,1.92,1.9,,,,,,1.94,2.02,1.91,1.85,1.94,,
2/29/2016,1.95,1.9,,1.91,1.92,,,,,,1.94,2.03,1.91,1.84,1.95,,
2/22/2016,1.97,1.92,,1.92,1.95,,,,,,1.97,2.06,1.93,1.85,1.98,,
2/15/2016,2,1.95,,1.96,1.98,,,,,,2,2.09,1.96,1.87,2.02,,
2/8/2016,2.04,1.99,,2.01,2.02,,,,,,2.03,2.13,2,1.91,2.08,,
2/1/2016,2.08,2.03,,2.05,2.06,,,,,,2.07,2.17,2.03,1.93,2.12,,
1/25/2016,2.12,2.07,,2.09,2.11,,,,,,2.11,2.2,2.07,1.97,2.16,,
1/18/2016,2.17,2.12,,2.15,2.15,,,,,,2.17,2.25,2.12,2.01,2.19,,
1/11/2016,2.21,2.15,,2.19,2.18,,,,,,2.22,2.3,2.16,2.06,2.22,,
1/4/2016,2.23,2.17,,2.21,2.2,,,,,,2.24,2.32,2.17,2.08,2.23,,
12/28/2015,2.25,2.18,,2.22,2.22,,,,,,2.26,2.34,2.19,2.1,2.25,,
12/21/2015,2.27,2.2,,2.24,2.24,,,,,,2.28,2.37,2.2,2.13,2.26,,
12/14/2015,2.3,2.22,,2.27,2.27,,,,,,2.3,2.4,2.22,2.16,2.27,,
12/7/2015,2.32,2.23,,2.29,2.29,,,,,,2.33,2.42,2.24,2.18,2.28,,
11/30/2015,2.32,2.24,,2.29,2.3,,,,,,2.33,2.43,2.25,2.19,2.29,,
11/23/2015,2.33,2.25,,2.3,2.31,,,,,,2.34,2.44,2.26,2.2,2.3,,
11/16/2015,2.35,2.27,,2.31,2.32,,,,,,2.36,2.46,2.27,2.22,2.31,,
11/9/2015,2.35,2.25,,2.28,2.33,,,,,,2.35,2.46,2.26,2.21,2.3,,
11/2/2015,2.34,2.23,,2.25,2.35,,,,,,2.34,2.46,2.24,2.18,2.29,,
10/26/2015,2.36,2.26,,2.27,2.37,,,,,,2.36,2.49,2.26,2.21,2.3,,
10/19/2015,2.39,2.29,,2.3,2.4,,,,,,2.38,2.53,2.28,2.23,2.32,,
10/12/2015,2.4,2.3,,2.3,2.42,,,,,,2.4,2.55,2.3,2.23,2.33,,
10/5/2015,2.42,2.31,,2.31,2.44,,,,,,2.41,2.58,2.31,2.24,2.33,,
9/28/2015,2.46,2.34,,2.35,2.48,,,,,,2.45,2.63,2.35,2.27,2.36,,
9/21/2015,2.51,2.38,,2.39,2.52,,,,,,2.51,2.68,2.4,2.31,2.4,,
9/14/2015,2.57,2.43,,2.42,2.56,,,,,,2.57,2.74,2.46,2.36,2.47,,
9/7/2015,2.61,2.48,,2.45,2.6,,,,,,2.63,2.78,2.51,2.4,2.54,,
8/31/2015,2.66,2.53,,2.5,2.64,,,,,,2.68,2.83,2.58,2.45,2.59,,
8/24/2015,2.74,2.61,,2.57,2.69,,,,,,2.77,2.89,2.65,2.52,2.66,,
8/17/2015,2.78,2.67,,2.61,2.71,,,,,,2.83,2.93,2.7,2.56,2.7,,
8/10/2015,2.82,2.72,,2.66,2.75,,,,,,2.88,2.97,2.75,2.61,2.76,,
8/3/2015,2.86,2.76,,2.71,2.77,,,,,,2.93,3.01,2.79,2.67,2.81,,
7/27/2015,2.9,2.8,,2.76,2.8,,,,,,2.97,3.04,2.83,2.72,2.84,,
7/20/2015,2.92,2.83,,2.8,2.83,,,,,,2.99,3.06,2.86,2.76,2.85,,
7/13/2015,2.94,2.85,,2.84,2.84,,,,,,3.01,3.07,2.87,2.79,2.87,,
7/6/2015,2.95,2.86,,2.86,2.85,,,,,,3.02,3.07,2.88,2.82,2.89,,
6/29/2015,2.95,2.86,,2.88,2.86,,,,,,3.02,3.08,2.88,2.83,2.89,,
6/22/2015,2.95,2.86,,2.89,2.86,,,,,,3.02,3.07,2.88,2.83,2.89,,
6/15/2015,2.91,2.82,,2.84,2.82,,,,,,2.97,3.03,2.83,2.78,2.84,,
6/8/2015,2.88,2.8,,2.8,2.79,,,,,,2.94,3.01,2.8,2.74,2.81,,
6/1/2015,2.87,2.78,,2.79,2.77,,,,,,2.93,3,2.77,2.71,2.79,,
5/25/2015,2.85,2.75,,2.79,2.76,,,,,,2.93,2.98,2.76,2.71,2.78,,
5/18/2015,2.84,2.73,,2.78,2.76,,,,,,2.92,2.96,2.75,2.71,2.78,,
5/11/2015,2.82,2.72,,2.77,2.74,,,,,,2.9,2.94,2.74,2.71,2.78,,
5/4/2015,2.76,2.67,,2.72,2.67,,,,,,2.83,2.86,2.68,2.66,2.73,,
4/27/2015,2.7,2.61,,2.68,2.62,,,,,,2.75,2.79,2.64,2.61,2.67,,
4/20/2015,2.6,2.53,,2.59,2.56,,,,,,2.63,2.69,2.58,2.51,2.57,,
4/13/2015,2.57,2.49,,2.55,2.54,,,,,,2.58,2.65,2.55,2.46,2.53,,
4/6/2015,2.57,2.5,,2.54,2.54,,,,,,2.58,2.65,2.55,2.45,2.53,,
3/30/2015,2.57,2.51,,2.54,2.54,,,,,,2.59,2.66,2.55,2.46,2.54,,
3/23/2015,2.59,2.55,,2.57,2.56,,,,,,2.61,2.67,2.57,2.5,2.57,,
3/16/2015,2.62,2.59,,2.62,2.57,,,,,,2.65,2.68,2.59,2.55,2.62,,
3/9/2015,2.61,2.58,,2.63,2.55,,,,,,2.64,2.67,2.57,2.55,2.61,,
3/2/2015,2.53,2.48,,2.55,2.5,,,,,,2.56,2.58,2.5,2.46,2.53,,
2/23/2015,2.47,2.42,,2.47,2.48,,,,,,2.49,2.52,2.47,2.39,2.46,,
2/16/2015,2.44,2.39,,2.41,2.47,,,,,,2.44,2.49,2.47,2.35,2.42,,
2/9/2015,2.41,2.38,,2.34,2.48,,,,,,2.38,2.46,2.46,2.27,2.38,,
2/2/2015,2.41,2.39,,2.3,2.51,,,,,,2.36,2.46,2.49,2.23,2.4,,
1/26/2015,2.47,2.45,,2.34,2.58,,,,,,2.4,2.5,2.56,2.29,2.47,,
1/19/2015,2.57,2.54,,2.44,2.67,,,,,,2.51,2.6,2.66,2.4,2.57,,
1/12/2015,2.67,2.64,,2.54,2.76,,,,,,2.62,2.71,2.75,2.51,2.67,,
1/5/2015,2.76,2.73,,2.66,2.83,,,,,,2.72,2.8,2.83,2.61,2.78,,
12/29/2014,2.84,2.8,,2.76,2.89,,,,,,2.8,2.88,2.9,2.69,2.86,,
12/22/2014,2.93,2.88,,2.85,2.96,,,,,,2.9,2.98,2.97,2.77,2.93,,
12/15/2014,3.03,2.96,,2.96,3.07,,,,,,3.01,3.09,3.05,2.86,3,,
12/8/2014,3.12,3.03,,3.04,3.17,,,,,,3.1,3.2,3.13,2.94,3.12,,
12/1/2014,3.18,3.08,,3.09,3.25,,,,,,3.16,3.26,3.18,3,3.21,,
11/24/2014,3.22,3.11,,3.13,3.31,,,,,,3.2,3.29,3.23,3.05,3.25,,
11/17/2014,3.27,3.16,,3.18,3.35,,,,,,3.25,3.34,3.27,3.11,3.3,,
11/10/2014,3.34,3.25,,3.26,3.43,,,,,,3.32,3.4,3.34,3.2,3.38,,
11/3/2014,3.38,3.29,,3.29,3.46,,,,,,3.36,3.43,3.37,3.24,3.41,,
10/27/2014,3.43,3.34,,3.35,3.51,,,,,,3.43,3.49,3.42,3.32,3.47,,
10/20/2014,3.49,3.4,,3.41,3.55,,,,,,3.48,3.55,3.46,3.38,3.52,,
10/13/2014,3.56,3.46,,3.47,3.6,,,,,,3.56,3.63,3.52,3.45,3.58,,
10/6/2014,3.6,3.51,,3.53,3.63,,,,,,3.6,3.68,3.56,3.48,3.61,,
9/29/2014,3.62,3.53,,3.52,3.65,,,,,,3.62,3.7,3.57,3.49,3.63,,
9/22/2014,3.65,3.55,,3.55,3.67,,,,,,3.66,3.73,3.6,3.52,3.65,,
9/15/2014,3.68,3.59,,3.59,3.7,,,,,,3.7,3.77,3.63,3.55,3.67,,
9/8/2014,3.7,3.6,,3.6,3.7,,,,,,3.72,3.78,3.64,3.56,3.68,,
9/1/2014,3.71,3.61,,3.59,3.72,,,,,,3.73,3.79,3.65,3.57,3.7,,
8/25/2014,3.73,3.62,,3.6,3.74,,,,,,3.76,3.82,3.67,3.58,3.73,,
8/18/2014,3.76,3.65,,3.64,3.75,,,,,,3.81,3.86,3.7,3.62,3.76,,
8/11/2014,3.8,3.68,,3.67,3.77,,,,,,3.85,3.9,3.73,3.66,3.78,,
8/4/2014,3.84,3.72,,3.71,3.8,,,,,,3.89,3.94,3.76,3.7,3.8,,
7/28/2014,3.86,3.75,,3.75,3.81,,,,,,3.93,3.98,3.78,3.73,3.82,,
7/21/2014,3.89,3.77,,3.78,3.83,,,,,,3.97,4.01,3.81,3.77,3.84,,
7/14/2014,3.92,3.8,,3.81,3.85,,,,,,4.01,4.05,3.83,3.8,3.86,,
7/7/2014,3.93,3.81,,3.84,3.85,,,,,,4.03,4.06,3.84,3.82,3.88,,
6/30/2014,3.93,3.81,,3.84,3.85,,,,,,4.03,4.06,3.84,3.82,3.88,,
6/23/2014,3.91,3.8,,3.82,3.83,,,,,,3.99,4.04,3.82,3.79,3.85,,
6/16/2014,3.88,3.77,,3.79,3.82,,,,,,3.94,3.99,3.8,3.76,3.84,,
6/9/2014,3.88,3.78,,3.79,3.82,,,,,,3.93,3.99,3.81,3.77,3.85,,
6/2/2014,3.88,3.79,,3.8,3.83,,,,,,3.93,3.99,3.81,3.78,3.85,,
5/26/2014,3.89,3.8,,3.8,3.83,,,,,,3.93,3.99,3.82,3.79,3.86,,
5/19/2014,3.89,3.8,,3.82,3.84,,,,,,3.94,4,3.83,3.81,3.87,,
5/12/2014,3.91,3.81,,3.84,3.86,,,,,,3.97,4.01,3.84,3.84,3.88,,
5/5/2014,3.92,3.82,,3.86,3.86,,,,,,3.99,4.02,3.85,3.86,3.9,,
4/28/2014,3.89,3.8,,3.85,3.85,,,,,,3.94,3.98,3.83,3.83,3.88,,
4/21/2014,3.83,3.77,,3.81,3.8,,,,,,3.84,3.89,3.78,3.79,3.82,,
4/14/2014,3.79,3.72,,3.77,3.76,,,,,,3.8,3.85,3.75,3.75,3.8,,
4/7/2014,3.78,3.7,,3.76,3.74,,,,,,3.79,3.84,3.74,3.74,3.79,,
3/31/2014,3.77,3.7,,3.76,3.74,,,,,,3.79,3.83,3.74,3.74,3.79,,
3/24/2014,3.77,3.71,,3.76,3.75,,,,,,3.78,3.83,3.74,3.75,3.79,,
3/17/2014,3.77,3.71,,3.76,3.76,,,,,,3.78,3.82,3.75,3.76,3.79,,
3/10/2014,3.76,3.71,,3.75,3.75,,,,,,3.76,3.8,3.73,3.75,3.78,,
3/3/2014,3.73,3.69,,3.72,3.72,,,,,,3.72,3.77,3.7,3.72,3.77,,
2/24/2014,3.7,3.65,,3.69,3.68,,,,,,3.69,3.74,3.67,3.68,3.73,,
2/17/2014,3.65,3.59,,3.64,3.64,,,,,,3.63,3.69,3.62,3.6,3.69,,
2/10/2014,3.63,3.57,,3.62,3.63,,,,,,3.61,3.67,3.61,3.56,3.66,,
2/3/2014,3.63,3.58,,3.63,3.64,,,,,,3.61,3.68,3.62,3.57,3.66,,
1/27/2014,3.64,3.59,,3.64,3.65,,,,,,3.63,3.69,3.63,3.59,3.66,,
1/20/2014,3.67,3.62,,3.66,3.67,,,,,,3.66,3.72,3.65,3.62,3.68,,
1/13/2014,3.69,3.63,,3.69,3.68,,,,,,3.7,3.75,3.67,3.65,3.7,,
1/6/2014,3.7,3.65,,3.71,3.68,,,,,,3.71,3.77,3.67,3.66,3.7,,
12/30/2013,3.68,3.62,,3.7,3.67,,,,,,3.68,3.75,3.66,3.65,3.68,,
12/23/2013,3.67,3.6,,3.67,3.65,,,,,,3.67,3.72,3.65,3.64,3.67,,
12/16/2013,3.66,3.6,,3.68,3.65,,,,,,3.66,3.72,3.64,3.64,3.66,,
12/9/2013,3.65,3.58,,3.66,3.63,,,,,,3.64,3.7,3.63,3.62,3.64,,
12/2/2013,3.64,3.57,,3.64,3.62,,,,,,3.63,3.69,3.62,3.6,3.63,,
11/25/2013,3.58,3.52,,3.57,3.58,,,,,,3.58,3.64,3.57,3.53,3.59,,
11/18/2013,3.54,3.47,,3.51,3.55,,,,,,3.53,3.6,3.55,3.46,3.56,,
11/11/2013,3.55,3.48,,3.51,3.57,,,,,,3.53,3.62,3.57,3.47,3.58,,
11/4/2013,3.58,3.51,,3.54,3.6,,,,,,3.56,3.64,3.59,3.49,3.6,,
10/28/2013,3.61,3.53,,3.57,3.64,,,,,,3.58,3.67,3.62,3.52,3.63,,
10/21/2013,3.64,3.55,,3.59,3.67,,,,,,3.6,3.7,3.65,3.53,3.66,,
10/14/2013,3.66,3.58,,3.62,3.7,,,,,,3.62,3.73,3.68,3.56,3.7,,
10/7/2013,3.7,3.62,,3.66,3.74,,,,,,3.67,3.77,3.71,3.6,3.72,,
9/30/2013,3.76,3.66,,3.7,3.78,,,,,,3.75,3.83,3.75,3.65,3.75,,
9/23/2013,3.81,3.71,,3.76,3.83,,,,,,3.82,3.89,3.79,3.73,3.8,,
9/16/2013,3.85,3.75,,3.8,3.85,,,,,,3.87,3.93,3.81,3.77,3.83,,
9/9/2013,3.87,3.77,,3.84,3.87,,,,,,3.91,3.96,3.83,3.79,3.84,,
9/2/2013,3.85,3.74,,3.81,3.84,,,,,,3.9,3.94,3.81,3.75,3.81,,
8/26/2013,3.84,3.72,,3.78,3.82,,,,,,3.89,3.94,3.79,3.72,3.8,,
8/19/2013,3.86,3.75,,3.79,3.83,,,,,,3.91,3.95,3.8,3.74,3.81,,
8/12/2013,3.89,3.79,,3.83,3.85,,,,,,3.95,3.99,3.82,3.78,3.84,,
8/5/2013,3.91,3.81,,3.86,3.86,,,,,,3.98,4.02,3.84,3.81,3.85,,
7/29/2013,3.93,3.83,,3.88,3.86,,,,,,4,4.04,3.85,3.84,3.87,,
7/22/2013,3.9,3.81,,3.85,3.82,,,,,,3.97,4.01,3.8,3.8,3.84,,
7/15/2013,3.76,3.66,,3.71,3.73,,,,,,3.82,3.87,3.69,3.65,3.71,,
7/8/2013,3.71,3.59,,3.63,3.71,,,,,,3.77,3.82,3.66,3.59,3.67,,
7/1/2013,3.73,3.61,,3.65,3.73,,,,,,3.78,3.83,3.68,3.62,3.69,,
6/24/2013,3.75,3.62,,3.68,3.74,,,,,,3.8,3.85,3.7,3.64,3.71,,
6/17/2013,3.74,3.62,,3.67,3.75,,,,,,3.8,3.85,3.69,3.63,3.7,,
6/10/2013,3.74,3.62,,3.66,3.75,,,,,,3.8,3.84,3.7,3.62,3.7,,
6/3/2013,3.75,3.63,,3.67,3.76,,,,,,3.8,3.85,3.71,3.65,3.71,,
5/27/2013,3.75,3.63,,3.68,3.75,,,,,,3.8,3.85,3.71,3.65,3.72,,
5/20/2013,3.73,3.61,,3.67,3.73,,,,,,3.78,3.83,3.7,3.62,3.69,,
5/13/2013,3.72,3.59,,3.64,3.73,,,,,,3.76,3.81,3.7,3.58,3.67,,
5/6/2013,3.71,3.58,,3.64,3.74,,,,,,3.74,3.79,3.71,3.57,3.67,,
4/29/2013,3.73,3.61,,3.66,3.76,,,,,,3.74,3.8,3.74,3.59,3.7,,
4/22/2013,3.77,3.66,,3.69,3.8,,,,,,3.77,3.84,3.77,3.63,3.75,,
4/15/2013,3.82,3.73,,3.74,3.85,,,,,,3.83,3.91,3.81,3.69,3.82,,
4/8/2013,3.88,3.78,,3.79,3.89,,,,,,3.9,3.97,3.85,3.75,3.88,,
4/1/2013,3.91,3.81,,3.82,3.91,,,,,,3.93,4,3.88,3.78,3.91,,
3/25/2013,3.93,3.84,,3.85,3.93,,,,,,3.96,4.02,3.9,3.81,3.93,,
3/18/2013,3.95,3.87,,3.88,3.95,,,,,,3.97,4.04,3.91,3.83,3.94,,
3/11/2013,3.97,3.9,,3.91,3.97,,,,,,4,4.05,3.93,3.87,3.95,,
3/4/2013,4,3.94,,3.95,3.99,,,,,,4.03,4.08,3.96,3.92,3.99,,
2/25/2013,4.01,3.95,,3.97,3.98,,,,,,4.04,4.09,3.95,3.93,4,,
2/18/2013,3.95,3.9,,3.92,3.92,,,,,,4,4.04,3.89,3.88,3.96,,
2/11/2013,3.91,3.86,,3.9,3.88,,,,,,3.96,4,3.84,3.85,3.93,,
2/4/2013,3.81,3.75,,3.8,3.78,,,,,,3.84,3.89,3.74,3.74,3.83,,
1/28/2013,3.73,3.64,,3.7,3.73,,,,,,3.75,3.82,3.68,3.66,3.76,,
1/21/2013,3.73,3.63,,3.69,3.73,,,,,,3.74,3.82,3.68,3.66,3.76,,
1/14/2013,3.74,3.65,,3.7,3.74,,,,,,3.77,3.84,3.7,3.68,3.76,,
1/7/2013,3.74,3.63,,3.68,3.73,,,,,,3.77,3.84,3.69,3.66,3.75,,
12/31/2012,3.73,3.61,,3.65,3.71,,,,,,3.77,3.84,3.68,3.62,3.73,,
12/24/2012,3.74,3.61,,3.63,3.72,,,,,,3.77,3.85,3.69,3.61,3.73,,
12/17/2012,3.78,3.65,,3.66,3.77,,,,,,3.81,3.88,3.73,3.66,3.77,,
12/10/2012,3.84,3.71,,3.73,3.83,,,,,,3.88,3.94,3.8,3.72,3.82,,
12/3/2012,3.88,3.75,,3.76,3.86,,,,,,3.94,3.98,3.84,3.76,3.86,,
11/26/2012,3.92,3.77,,3.79,3.88,,,,,,3.99,4.03,3.86,3.78,3.88,,
11/19/2012,3.96,3.8,,3.81,3.89,,,,,,4.08,4.12,3.88,3.79,3.89,,
11/12/2012,3.99,3.82,,3.85,3.92,,,,,,4.13,4.14,3.91,3.82,3.91,,
11/5/2012,3.94,3.84,,3.9,3.96,,,,,,3.94,4,3.94,3.86,3.93,,
10/29/2012,3.97,3.9,,3.96,4,,,,,,3.92,4.02,3.98,3.92,3.98,,
10/22/2012,4.06,4,,4.03,4.08,,,,,,4.04,4.13,4.04,4,4.06,,
10/15/2012,4.11,4.05,,4.09,4.11,,,,,,4.12,4.2,4.07,4.05,4.1,,
10/8/2012,4.13,4.07,,4.1,4.11,,,,,,4.15,4.22,4.06,4.07,4.12,,
10/1/2012,4.09,4.03,,4.05,4.07,,,,,,4.1,4.17,4.03,4.05,4.08,,
9/24/2012,4.12,4.07,,4.1,4.08,,,,,,4.14,4.21,4.06,4.08,4.11,,
9/17/2012,4.12,4.06,,4.09,4.05,,,,,,4.17,4.21,4.03,4.06,4.09,,
9/10/2012,4.02,3.94,,3.99,3.96,,,,,,4.06,4.12,3.95,3.97,4.01,,
9/3/2012,3.99,3.91,,3.96,3.92,,,,,,4.04,4.1,3.91,3.93,3.98,,
8/27/2012,3.96,3.87,,3.91,3.87,,,,,,4.02,4.08,3.86,3.88,3.94,,
8/20/2012,3.92,3.83,,3.86,3.82,,,,,,3.99,4.05,3.81,3.83,3.88,,
8/13/2012,3.86,3.78,,3.81,3.74,,,,,,3.95,4,3.74,3.76,3.8,,
8/6/2012,3.78,3.69,,3.71,3.67,,,,,,3.88,3.93,3.67,3.67,3.71,,
7/30/2012,3.77,3.66,,3.7,3.65,,,,,,3.87,3.9,3.66,3.66,3.7,,
7/23/2012,3.73,3.62,,3.67,3.63,,,,,,3.83,3.86,3.61,3.62,3.66,,
7/16/2012,3.66,3.54,,3.58,3.6,,,,,,3.74,3.78,3.57,3.54,3.59,,
7/9/2012,3.61,3.5,,3.52,3.59,,,,,,3.66,3.73,3.55,3.49,3.53,,
7/2/2012,3.63,3.52,,3.53,3.64,,,,,,3.64,3.74,3.57,3.51,3.55,,
6/25/2012,3.68,3.59,,3.6,3.72,,,,,,3.66,3.78,3.63,3.57,3.61,,
6/18/2012,3.74,3.66,,3.66,3.78,,,,,,3.71,3.83,3.7,3.63,3.68,,
6/11/2012,3.8,3.72,,3.71,3.85,,,,,,3.78,3.89,3.76,3.7,3.75,,
6/4/2012,3.87,3.78,,3.78,3.9,,,,,,3.88,3.96,3.83,3.77,3.81,,
5/28/2012,3.92,3.83,,3.83,3.94,,,,,,3.92,4.01,3.88,3.83,3.87,,
5/21/2012,3.96,3.88,,3.88,3.97,,,,,,3.96,4.06,3.93,3.88,3.93,,
5/14/2012,4.02,3.93,,3.93,4,,,,,,4.02,4.11,3.99,3.94,3.98,,
5/7/2012,4.07,4,,3.99,4.06,,,,,,4.08,4.17,4.04,4,4.05,,
4/30/2012,4.11,4.04,,4.04,4.1,,,,,,4.12,4.2,4.07,4.05,4.09,,
4/23/2012,4.14,4.08,,4.09,4.12,,,,,,4.15,4.23,4.09,4.08,4.13,,
4/16/2012,4.15,4.1,,4.1,4.11,,,,,,4.16,4.23,4.08,4.09,4.13,,
4/9/2012,4.13,4.08,,4.1,4.08,,,,,,4.15,4.22,4.06,4.07,4.11,,
4/2/2012,4.07,4.03,,4.05,4.04,,,,,,4.09,4.15,4.01,4.02,4.06,,
3/26/2012,4.04,3.99,,4.01,4.02,,,,,,4.07,4.11,3.97,3.98,4.02,,
3/19/2012,4,3.95,,3.97,3.99,,,,,,4.03,4.08,3.94,3.95,3.98,,
3/12/2012,3.99,3.95,,3.96,3.99,,,,,,4.02,4.06,3.92,3.94,3.97,,
3/5/2012,3.98,3.94,,3.96,3.96,,,,,,4.02,4.05,3.89,3.92,3.95,,
2/27/2012,3.91,3.87,,3.89,3.87,,,,,,3.95,3.99,3.83,3.86,3.88,,
2/20/2012,3.86,3.82,,3.83,3.82,,,,,,3.9,3.95,3.78,3.81,3.82,,
2/13/2012,3.81,3.77,,3.79,3.75,,,,,,3.84,3.89,3.73,3.75,3.77,,
2/6/2012,3.77,3.74,,3.76,3.71,,,,,,3.8,3.86,3.68,3.72,3.73,,
1/30/2012,3.71,3.68,,3.69,3.66,,,,,,3.74,3.79,3.62,3.66,3.69,,
1/23/2012,3.68,3.64,,3.66,3.64,,,,,,3.71,3.76,3.59,3.62,3.67,,
1/16/2012,3.65,3.61,,3.63,3.63,,,,,,3.68,3.73,3.56,3.59,3.63,,
1/9/2012,3.6,3.55,,3.58,3.59,,,,,,3.63,3.68,3.51,3.52,3.58,,
1/2/2012,3.53,3.46,,3.5,3.56,,,,,,3.56,3.63,3.46,3.43,3.52,,
12/26/2011,3.53,3.44,,3.48,3.56,,,,,,3.54,3.63,3.47,3.42,3.52,,
12/19/2011,3.56,3.47,,3.51,3.58,,,,,,3.57,3.66,3.5,3.45,3.56,,
12/12/2011,3.58,3.49,,3.53,3.6,,,,,,3.59,3.68,3.53,3.47,3.59,,
12/5/2011,3.6,3.51,,3.55,3.61,,,,,,3.61,3.69,3.56,3.49,3.62,,
11/28/2011,3.63,3.54,,3.59,3.64,,,,,,3.63,3.72,3.59,3.53,3.64,,
11/21/2011,3.66,3.58,,3.62,3.66,,,,,,3.68,3.76,3.62,3.56,3.67,,
11/14/2011,3.68,3.61,,3.63,3.67,,,,,,3.7,3.77,3.64,3.58,3.69,,
11/7/2011,3.69,3.61,,3.63,3.68,,,,,,3.71,3.78,3.65,3.58,3.68,,
10/31/2011,3.71,3.63,,3.66,3.69,,,,,,3.73,3.79,3.67,3.6,3.69,,
10/24/2011,3.72,3.64,,3.69,3.7,,,,,,3.75,3.82,3.69,3.62,3.7,,
10/17/2011,3.71,3.6,,3.67,3.69,,,,,,3.74,3.81,3.69,3.6,3.67,,
10/10/2011,3.72,3.58,,3.67,3.7,,,,,,3.75,3.83,3.71,3.6,3.66,,
10/3/2011,3.76,3.63,,3.72,3.74,,,,,,3.81,3.88,3.74,3.65,3.7,,
9/26/2011,3.83,3.72,,3.76,3.78,,,,,,3.89,3.95,3.77,3.7,3.78,,
9/19/2011,3.88,3.77,,3.79,3.81,,,,,,3.95,4,3.8,3.74,3.82,,
9/12/2011,3.89,3.78,,3.8,3.8,,,,,,3.98,4.02,3.8,3.75,3.84,,
9/5/2011,3.87,3.77,,3.77,3.79,,,,,,3.98,4,3.79,3.73,3.82,,
8/29/2011,3.86,3.75,,3.75,3.78,,,,,,3.94,3.98,3.79,3.72,3.81,,
8/22/2011,3.88,3.78,,3.78,3.81,,,,,,3.96,4,3.81,3.75,3.83,,
8/15/2011,3.92,3.82,,3.84,3.83,,,,,,4,4.04,3.83,3.79,3.86,,
8/8/2011,3.96,3.87,,3.89,3.87,,,,,,4.05,4.1,3.85,3.84,3.89,,
8/1/2011,3.97,3.87,,3.89,3.86,,,,,,4.06,4.1,3.85,3.84,3.89,,
7/25/2011,3.94,3.84,,3.87,3.84,,,,,,4.03,4.08,3.84,3.81,3.86,,
7/18/2011,3.91,3.8,,3.85,3.8,,,,,,3.99,4.04,3.82,3.77,3.82,,
7/11/2011,3.85,3.71,,3.78,3.78,,,,,,3.92,3.98,3.8,3.69,3.77,,
7/4/2011,3.85,3.69,,3.77,3.81,,,,,,3.92,3.98,3.81,3.7,3.79,,
6/27/2011,3.9,3.75,,3.81,3.87,,,,,,3.96,4.03,3.85,3.75,3.83,,
6/20/2011,3.94,3.8,,3.86,3.91,,,,,,3.98,4.06,3.89,3.8,3.87,,
6/13/2011,3.97,3.85,,3.89,3.94,,,,,,4.01,4.09,3.92,3.85,3.91,,
6/6/2011,4.01,3.9,,3.93,3.97,,,,,,4.06,4.13,3.95,3.89,3.94,,
5/30/2011,4.05,3.94,,3.97,4,,,,,,4.12,4.17,3.98,3.93,3.98,,
5/23/2011,4.12,4.01,,4.02,4.05,,,,,,4.21,4.25,4.02,3.98,4.03,,
5/16/2011,4.16,4.07,,4.06,4.07,,,,,,4.27,4.29,4.05,4.03,4.08,,
5/9/2011,4.17,4.09,,4.07,4.07,,,,,,4.27,4.29,4.06,4.05,4.09,,
5/2/2011,4.11,4.05,,4.03,4.04,,,,,,4.2,4.22,4.01,4.01,4.04,,
4/25/2011,4.05,4,,3.99,3.99,,,,,,4.12,4.15,3.96,3.95,3.99,,
4/18/2011,3.98,3.96,,3.95,3.92,,,,,,4.02,4.05,3.91,3.91,3.95,,
4/11/2011,3.9,3.88,,3.87,3.84,,,,,,3.93,3.96,3.83,3.84,3.88,,
4/4/2011,3.79,3.76,,3.78,3.76,,,,,,3.82,3.86,3.74,3.73,3.76,,
3/28/2011,3.76,3.72,,3.73,3.73,,,,,,3.78,3.82,3.71,3.68,3.71,,
3/21/2011,3.75,3.71,,3.71,3.71,,,,,,3.78,3.82,3.7,3.67,3.7,,
3/14/2011,3.74,3.71,,3.69,3.69,,,,,,3.77,3.81,3.69,3.67,3.7,,
3/7/2011,3.64,3.62,,3.61,3.58,,,,,,3.68,3.71,3.57,3.57,3.6,,
2/28/2011,3.49,3.47,,3.46,3.41,,,,,,3.53,3.55,3.41,3.4,3.46,,
2/21/2011,3.39,3.36,,3.37,3.34,,,,,,3.43,3.47,3.33,3.31,3.38,,
2/14/2011,3.38,3.35,,3.36,3.33,,,,,,3.41,3.45,3.32,3.3,3.38,,
2/7/2011,3.38,3.34,,3.34,3.33,,,,,,3.41,3.44,3.32,3.3,3.37,,
1/31/2011,3.37,3.33,,3.33,3.33,,,,,,3.4,3.43,3.32,3.3,3.36,,
1/24/2011,3.36,3.32,,3.33,3.32,,,,,,3.4,3.42,3.31,3.3,3.35,,
1/17/2011,3.34,3.29,,3.31,3.3,,,,,,3.37,3.4,3.29,3.27,3.33,,
1/10/2011,3.32,3.28,,3.3,3.28,,,,,,3.35,3.39,3.26,3.25,3.3,,
1/3/2011,3.3,3.27,,3.27,3.25,,,,,,3.34,3.37,3.24,3.23,3.28,,
12/27/2010,3.28,3.24,,3.24,3.23,,,,,,3.32,3.35,3.21,3.2,3.25,,
12/20/2010,3.25,3.21,,3.21,3.2,,,,,,3.3,3.32,3.19,3.18,3.23,,
12/13/2010,3.24,3.2,,3.2,3.19,,,,,,3.28,3.3,3.18,3.17,3.21,,
12/6/2010,3.18,3.14,,3.16,3.14,,,,,,3.23,3.23,3.13,3.12,3.16,,
11/29/2010,3.15,3.1,,3.13,3.12,,,,,,3.19,3.2,3.1,3.1,3.14,,
11/22/2010,3.13,3.09,,3.11,3.09,,,,,,3.16,3.17,3.08,3.08,3.12,,
11/15/2010,3.07,3.03,,3.05,3.04,,,,,,3.1,3.1,3.03,3.03,3.06,,
11/8/2010,3.02,2.98,,2.99,3.01,,,,,,3.05,3.06,2.99,2.98,3.01,,
11/1/2010,3.02,2.98,,2.98,3,,,,,,3.04,3.05,2.99,2.97,3.01,,
10/25/2010,3.02,2.98,,2.99,3,,,,,,3.04,3.05,2.98,2.98,3.01,,
10/18/2010,2.98,2.95,,2.95,2.96,,,,,,3.02,3.02,2.94,2.95,2.98,,
10/11/2010,2.91,2.87,,2.88,2.88,,,,,,2.94,2.95,2.87,2.86,2.89,,
10/4/2010,2.83,2.76,,2.79,2.82,,,,,,2.85,2.88,2.8,2.77,2.81,,
9/27/2010,2.82,2.74,,2.77,2.82,,,,,,2.84,2.88,2.8,2.76,2.81,,
9/20/2010,2.82,2.74,,2.78,2.82,,,,,,2.84,2.88,2.8,2.76,2.81,,
9/13/2010,2.82,2.74,,2.76,2.82,,,,,,2.83,2.88,2.79,2.74,2.79,,
9/6/2010,2.83,2.75,,2.77,2.83,,,,,,2.85,2.9,2.8,2.75,2.8,,
8/30/2010,2.85,2.76,,2.79,2.84,,,,,,2.88,2.92,2.82,2.79,2.82,,
8/23/2010,2.88,2.78,,2.82,2.85,,,,,,2.91,2.95,2.85,2.82,2.84,,
8/16/2010,2.9,2.81,,2.85,2.86,,,,,,2.95,2.98,2.86,2.84,2.87,,
8/9/2010,2.89,2.81,,2.84,2.85,,,,,,2.94,2.97,2.84,2.82,2.85,,
8/2/2010,2.88,2.78,,2.8,2.84,,,,,,2.93,2.96,2.83,2.8,2.84,,
7/26/2010,2.88,2.76,,2.79,2.84,,,,,,2.93,2.96,2.83,2.79,2.83,,
7/19/2010,2.88,2.77,,2.79,2.85,,,,,,2.94,2.97,2.83,2.79,2.84,,
7/12/2010,2.89,2.78,,2.79,2.85,,,,,,2.94,2.97,2.84,2.8,2.84,,
7/5/2010,2.9,2.8,,2.81,2.86,,,,,,2.96,2.98,2.86,2.82,2.86,,
6/28/2010,2.91,2.8,,2.83,2.86,,,,,,2.96,2.98,2.87,2.83,2.86,,
6/21/2010,2.89,2.77,,2.79,2.86,,,,,,2.95,2.98,2.86,2.8,2.83,,
6/14/2010,2.91,2.77,,2.78,2.88,,,,,,2.96,3,2.89,2.81,2.83,,
6/7/2010,2.94,2.79,,2.83,2.92,,,,,,3,3.03,2.93,2.86,2.86,,
5/31/2010,2.98,2.82,,2.89,2.97,,,,,,3.03,3.06,2.97,2.92,2.91,,
5/24/2010,3.03,2.92,,2.96,3.01,,,,,,3.09,3.11,3.01,2.98,2.99,,
5/17/2010,3.07,2.98,,3,3.03,,,,,,3.13,3.13,3.03,3.02,3.03,,
5/10/2010,3.08,3.01,,3.03,3.04,,,,,,3.14,3.14,3.04,3.04,3.04,,
5/3/2010,3.05,2.98,,3.01,3.02,,,,,,3.08,3.09,3.02,3.02,3.03,,
4/26/2010,3.01,2.96,,2.98,3.01,,,,,,3.03,3.04,3,3,3.01,,
4/19/2010,3,2.97,,2.99,3,,,,,,3,3.01,2.99,3,3.03,,
4/12/2010,2.98,2.96,,2.99,2.97,,,,,,2.99,3,2.97,2.98,2.99,,
4/5/2010,2.95,2.91,,2.94,2.94,,,,,,2.95,2.97,2.94,2.93,2.95,,
3/29/2010,2.94,2.91,,2.93,2.94,,,,,,2.94,2.96,2.94,2.93,2.93,,
3/22/2010,2.94,2.91,,2.93,2.94,,,,,,2.94,2.96,2.94,2.93,2.93,,
3/15/2010,2.92,2.9,,2.91,2.92,,,,,,2.92,2.94,2.92,2.91,2.92,,
3/8/2010,2.88,2.85,,2.86,2.88,,,,,,2.88,2.91,2.89,2.86,2.88,,
3/1/2010,2.87,2.83,,2.83,2.86,,,,,,2.86,2.9,2.87,2.83,2.86,,
2/22/2010,2.85,2.8,,2.79,2.85,,,,,,2.86,2.9,2.85,2.78,2.83,,
2/15/2010,2.87,2.82,,2.81,2.87,,,,,,2.87,2.92,2.87,2.8,2.85,,
2/8/2010,2.9,2.85,,2.84,2.9,,,,,,2.9,2.94,2.9,2.84,2.88,,
2/1/2010,2.92,2.87,,2.87,2.92,,,,,,2.93,2.96,2.91,2.87,2.91,,
1/25/2010,2.94,2.89,,2.9,2.94,,,,,,2.96,2.97,2.93,2.91,2.94,,
1/18/2010,2.95,2.91,,2.92,2.95,,,,,,2.96,2.97,2.94,2.92,2.95,,
1/11/2010,2.9,2.87,,2.89,2.89,,,,,,2.92,2.92,2.88,2.87,2.91,,
1/4/2010,2.85,2.8,,2.84,2.85,,,,,,2.86,2.88,2.84,2.8,2.84,,
12/28/2009,2.83,2.77,,2.82,2.84,,,,,,2.84,2.87,2.83,2.76,2.82,,
12/21/2009,2.84,2.78,,2.83,2.85,,,,,,2.85,2.87,2.84,2.78,2.83,,
12/14/2009,2.86,2.81,,2.86,2.86,,,,,,2.87,2.89,2.86,2.8,2.85,,
12/7/2009,2.86,2.81,,2.86,2.86,,,,,,2.87,2.89,2.86,2.8,2.85,,
11/30/2009,2.86,2.81,,2.86,2.86,,,,,,2.87,2.89,2.85,2.79,2.84,,
11/23/2009,2.86,2.81,,2.86,2.87,,,,,,2.87,2.89,2.85,2.8,2.84,,
11/16/2009,2.87,2.82,,2.87,2.87,,,,,,2.88,2.9,2.86,2.83,2.86,,
11/9/2009,2.87,2.83,,2.87,2.87,,,,,,2.88,2.9,2.86,2.85,2.87,,
11/2/2009,2.86,2.82,,2.85,2.86,,,,,,2.87,2.88,2.84,2.84,2.86,,
10/26/2009,2.79,2.75,,2.78,2.79,,,,,,2.8,2.82,2.78,2.76,2.78,,
10/19/2009,2.7,2.61,,2.65,2.71,,,,,,2.71,2.75,2.71,2.63,2.64,,
10/12/2009,2.69,2.58,,2.62,2.72,,,,,,2.7,2.75,2.7,2.6,2.61,,
10/5/2009,2.72,2.6,,2.65,2.74,,,,,,2.73,2.79,2.71,2.63,2.63,,
9/28/2009,2.76,2.65,,2.68,2.77,,,,,,2.79,2.84,2.74,2.7,2.68,,
9/21/2009,2.8,2.68,,2.72,2.78,,,,,,2.84,2.87,2.75,2.71,2.72,,
9/14/2009,2.82,2.71,,2.75,2.78,,,,,,2.87,2.9,2.77,2.74,2.74,,
9/7/2009,2.83,2.73,,2.77,2.79,,,,,,2.88,2.91,2.78,2.76,2.76,,
8/31/2009,2.84,2.74,,2.77,2.8,,,,,,2.88,2.91,2.78,2.77,2.77,,
8/24/2009,2.83,2.74,,2.79,2.8,,,,,,2.88,2.9,2.78,2.78,2.78,,
8/17/2009,2.83,2.75,,2.78,2.79,,,,,,2.88,2.9,2.78,2.78,2.79,,
8/10/2009,2.8,2.72,,2.73,2.75,,,,,,2.84,2.87,2.75,2.74,2.76,,
8/3/2009,2.73,2.6,,2.64,2.7,,,,,,2.77,2.8,2.7,2.65,2.69,,
7/27/2009,2.72,2.58,,2.61,2.7,,,,,,2.75,2.8,2.7,2.63,2.68,,
7/20/2009,2.74,2.61,,2.64,2.73,,,,,,2.78,2.82,2.72,2.67,2.7,,
7/13/2009,2.8,2.68,,2.72,2.78,,,,,,2.84,2.88,2.76,2.73,2.75,,
7/6/2009,2.83,2.74,,2.76,2.8,,,,,,2.87,2.91,2.78,2.76,2.78,,
6/29/2009,2.85,2.77,,2.79,2.8,,,,,,2.89,2.91,2.8,2.79,2.8,,
6/22/2009,2.84,2.78,,2.8,2.78,,,,,,2.88,2.91,2.78,2.79,2.8,,
6/15/2009,2.76,2.7,,2.72,2.71,,,,,,2.8,2.82,2.71,2.71,2.73,,
6/8/2009,2.69,2.64,,2.66,2.65,,,,,,2.72,2.74,2.65,2.65,2.66,,
6/1/2009,2.6,2.56,,2.56,2.57,,,,,,2.64,2.64,2.56,2.57,2.58,,
5/25/2009,2.53,2.48,,2.49,2.49,,,,,,2.56,2.56,2.49,2.5,2.51,,
5/18/2009,2.43,2.4,,2.41,2.4,,,,,,2.45,2.46,2.41,2.42,2.43,,
5/11/2009,2.3,2.25,,2.28,2.28,,,,,,2.32,2.34,2.26,2.26,2.27,,
5/4/2009,2.22,2.17,,2.18,2.21,,,,,,2.23,2.26,2.2,2.19,2.21,,
4/27/2009,2.21,2.17,,2.19,2.2,,,,,,2.21,2.25,2.2,2.2,2.22,,
4/20/2009,2.19,2.15,,2.16,2.18,,,,,,2.17,2.22,2.18,2.18,2.2,,
4/13/2009,2.17,2.14,,2.14,2.17,,,,,,2.16,2.21,2.16,2.16,2.17,,
4/6/2009,2.16,2.13,,2.13,2.16,,,,,,2.16,2.19,2.15,2.15,2.16,,
3/30/2009,2.14,2.1,,2.11,2.14,,,,,,2.13,2.17,2.13,2.12,2.13,,
3/23/2009,2.09,2.05,,2.06,2.09,,,,,,2.08,2.13,2.09,2.07,2.09,,
3/16/2009,2.09,2.04,,2.05,2.09,,,,,,2.07,2.13,2.09,2.06,2.09,,
3/9/2009,2.09,2.05,,2.06,2.1,,,,,,2.07,2.12,2.09,2.07,2.1,,
3/2/2009,2.08,2.04,,2.05,2.1,,,,,,2.06,2.12,2.08,2.07,2.09,,
2/23/2009,2.1,2.06,,2.07,2.11,,,,,,2.09,2.13,2.1,2.09,2.1,,
2/16/2009,2.09,2.05,,2.07,2.08,,,,,,2.09,2.13,2.08,2.08,2.09,,
2/9/2009,2.05,2.01,,2.02,2.03,,,,,,2.05,2.09,2.03,2.03,2.04,,
2/2/2009,1.99,1.95,,1.95,1.96,,,,,,1.99,2.03,1.96,1.96,1.99,,
1/26/2009,1.95,1.92,,1.91,1.93,,,,,,1.96,1.99,1.93,1.92,1.95,,
1/19/2009,1.91,1.87,,1.85,1.89,,,,,,1.93,1.97,1.88,1.86,1.89,,
1/12/2009,1.87,1.83,,1.8,1.86,,,,,,1.88,1.93,1.83,1.82,1.85,,
1/5/2009,1.83,1.78,,1.71,1.85,,,,,,1.82,1.9,1.8,1.76,1.81,,
12/29/2008,1.88,1.83,,1.76,1.9,,,,,,1.87,1.96,1.85,1.8,1.85,,
12/22/2008,1.93,1.86,,1.82,1.96,,,,,,1.93,2.02,1.9,1.83,1.88,,
12/15/2008,2,1.91,,1.9,2.07,,,,,,1.98,2.1,1.98,1.89,1.93,,
12/8/2008,2.12,2.02,,2.03,2.23,,,,,,2.1,2.24,2.12,1.99,2.02,,
12/1/2008,2.23,2.1,,2.14,2.35,,,,,,2.2,2.34,2.24,2.08,2.12,,
11/24/2008,2.37,2.23,,2.31,2.5,,,,,,2.33,2.47,2.4,2.23,2.29,,
11/17/2008,2.53,2.39,,2.51,2.67,,,,,,2.5,2.62,2.57,2.37,2.44,,
11/10/2008,2.7,2.55,,2.71,2.86,,,,,,2.66,2.77,2.76,2.51,2.6,,
11/3/2008,2.87,2.72,,2.89,3.06,,,,,,2.81,2.94,2.95,2.68,2.76,,
10/27/2008,3.07,2.92,,3.1,3.3,,,,,,3.02,3.14,3.2,2.91,2.95,,
10/20/2008,3.27,3.12,,3.28,3.48,,,,,,3.25,3.36,3.4,3.16,3.21,,
10/13/2008,3.49,3.38,,3.47,3.64,,,,,,3.49,3.57,3.58,3.43,3.44,,
10/6/2008,3.66,3.59,,3.6,3.74,,,,,,3.67,3.72,3.7,3.63,3.61,,
9/29/2008,3.75,3.68,,3.66,3.81,,,,,,3.76,3.79,3.76,3.71,3.67,,
9/22/2008,3.83,3.74,,3.74,3.91,,,,,,3.86,3.86,3.82,3.77,3.71,,
9/15/2008,3.8,3.72,,3.71,3.87,,,,,,3.77,3.84,3.81,3.74,3.71,,
9/8/2008,3.82,3.74,,3.71,3.89,,,,,,3.79,3.87,3.84,3.77,3.72,,
9/1/2008,3.85,3.75,,3.7,3.92,,,,,,3.81,3.91,3.86,3.78,3.74,,
8/25/2008,3.9,3.8,,3.74,3.96,,,,,,3.87,3.98,3.92,3.83,3.78,,
8/18/2008,4,3.87,,3.82,4.04,,,,,,3.97,4.09,3.99,3.91,3.87,,
8/11/2008,4.1,3.97,,3.9,4.12,,,,,,4.08,4.21,4.07,4,4,,
8/4/2008,4.19,4.07,,4,4.18,,,,,,4.19,4.3,4.14,4.1,4.11,,
7/28/2008,4.26,4.15,,4.09,4.24,,,,,,4.28,4.36,4.21,4.17,4.17,,
7/21/2008,4.3,4.2,,4.15,4.27,,,,,,4.32,4.4,4.24,4.22,4.2,,
7/14/2008,4.31,4.21,,4.18,4.27,,,,,,4.34,4.41,4.24,4.23,4.2,,
7/7/2008,4.3,4.2,,4.15,4.26,,,,,,4.33,4.39,4.24,4.22,4.21,,
6/30/2008,4.29,4.2,,4.16,4.26,,,,,,4.32,4.38,4.24,4.22,4.22,,
6/23/2008,4.29,4.2,,4.17,4.25,,,,,,4.32,4.38,4.23,4.21,4.22,,
6/16/2008,4.26,4.19,,4.14,4.22,,,,,,4.29,4.35,4.19,4.18,4.18,,
6/9/2008,4.19,4.12,,4.06,4.14,,,,,,4.24,4.28,4.12,4.11,4.1,,
6/2/2008,4.14,4.08,,4.01,4.09,,,,,,4.19,4.22,4.07,4.04,4.07,,
5/26/2008,4.03,3.97,,3.93,3.97,,,,,,4.09,4.12,3.96,3.94,3.95,,
5/19/2008,3.95,3.89,,3.84,3.89,,,,,,4.01,4.02,3.88,3.85,3.88,,
5/12/2008,3.85,3.8,,3.75,3.79,,,,,,3.9,3.91,3.8,3.76,3.78,,
5/5/2008,3.79,3.75,,3.7,3.75,,,,,,3.84,3.84,3.76,3.72,3.73,,
4/28/2008,3.69,3.66,,3.61,3.67,,,,,,3.74,3.71,3.66,3.63,3.66,,
4/21/2008,3.56,3.53,,3.49,3.57,,,,,,3.58,3.58,3.56,3.53,3.55,,
4/14/2008,3.45,3.41,,3.4,3.47,,,,,,3.45,3.48,3.46,3.44,3.46,,
4/7/2008,3.41,3.38,,3.37,3.42,,,,,,3.41,3.44,3.41,3.39,3.42,,
3/31/2008,3.4,3.36,,3.36,3.4,,,,,,3.39,3.42,3.39,3.37,3.4,,
3/24/2008,3.4,3.36,,3.37,3.41,,,,,,3.4,3.42,3.38,3.38,3.4,,
3/17/2008,3.37,3.35,,3.35,3.38,,,,,,3.37,3.39,3.36,3.36,3.38,,
3/10/2008,3.34,3.31,,3.28,3.35,,,,,,3.32,3.35,3.33,3.33,3.36,,
3/3/2008,3.32,3.31,,3.26,3.32,,,,,,3.29,3.33,3.32,3.32,3.34,,
2/25/2008,3.29,3.27,,3.22,3.28,,,,,,3.25,3.29,3.29,3.28,3.31,,
2/18/2008,3.23,3.23,,3.15,3.25,,,,,,3.18,3.24,3.25,3.21,3.26,,
2/11/2008,3.23,3.23,,3.14,3.27,,,,,,3.19,3.25,3.26,3.23,3.27,,
2/4/2008,3.25,3.26,,3.17,3.28,,,,,,3.22,3.27,3.28,3.25,3.28,,
1/28/2008,3.27,3.27,,3.19,3.3,,,,,,3.25,3.3,3.29,3.27,3.3,,
1/21/2008,3.3,3.29,,3.24,3.31,,,,,,3.28,3.32,3.3,3.3,3.33,,
1/14/2008,3.31,3.3,,3.26,3.32,,,,,,3.3,3.33,3.32,3.32,3.34,,
1/7/2008,3.31,3.29,,3.26,3.31,,,,,,3.29,3.32,3.31,3.31,3.33,,
12/31/2007,3.27,3.26,,3.2,3.28,,,,,,3.25,3.29,3.28,3.27,3.3,,
12/24/2007,3.26,3.25,,3.19,3.28,,,,,,3.25,3.29,3.28,3.27,3.3,,
12/17/2007,3.27,3.25,,3.21,3.28,,,,,,3.26,3.29,3.28,3.27,3.3,,
12/10/2007,3.28,3.26,,3.24,3.29,,,,,,3.27,3.3,3.28,3.29,3.32,,
12/3/2007,3.29,3.27,,3.26,3.3,,,,,,3.28,3.31,3.29,3.29,3.33,,
11/26/2007,3.28,3.26,,3.25,3.29,,,,,,3.27,3.28,3.28,3.29,3.32,,
11/19/2007,3.26,3.24,,3.23,3.27,,,,,,3.25,3.26,3.26,3.28,3.31,,
11/12/2007,3.21,3.2,,3.18,3.21,,,,,,3.18,3.18,3.2,3.22,3.25,,
11/5/2007,3.1,3.09,,3.08,3.09,,,,,,3.06,3.07,3.09,3.1,3.12,,
10/29/2007,2.98,2.97,,2.99,2.99,,,,,,2.95,2.97,3,2.99,3.03,,
